indice_linha_testset,pergunta,contextos_de_referencia,resposta_de_referencia,nome_da_persona,estilo_da_pergunta,comprimento_da_pergunta,tipo_de_sintetizador,identificador_tecnico_do_sintetizador,personas_geradas_na_execucao,fontes_dos_contextos_de_referencia,afirmacao,VEREDITO,resposta_do_bot,veredito_esperado,veredito_do_bot,acerto_do_veredito,fontes_citadas,contextos_recuperados,fidelidade_ao_contexto,cobertura_do_contexto,precisao_do_contexto,correcao_da_resposta
0,Qual é a sigla do Laboratório de Pesquisa e Inovação Darcy Ribeiro?,"[""Título: UnB Notícias - Evento abre semestre da UAB e agenda do Laboratório de Pesquisa e Inovação Darcy Ribeiro\n\nA Universidade de Brasília (UnB) iniciou, na quarta-feira (19), o segundo semestre de 2026 dos cursos ofertados pelo Sistema Universidade Aberta do Brasil (UAB). A programação também abriu a agenda do Laboratório de Pesquisa e Inovação Darcy Ribeiro (Lapidar), no Centro de Educação a Distância e Tecnologias Educacionais (Cead/UnB).\n Com o tema Inovações Tecnológicas e a Educação, o encontro reuniu docentes, estudantes, gestores e equipes técnicas para discutir educação a distância, aprendizagem digital e os desafios relacionados ao uso de novas tecnologias no ensino. A programação contou com palestra do professor Carlos Portela sobre o uso de inteligência artificial generativa na graduação.\n""]",O Laboratório de Pesquisa e Inovação Darcy Ribeiro (Lapidar) foi mencionado no texto.,Ana Maria,gramática informal,longa,pergunta específica de etapa única,single_hop_specific_query_synthesizer,"[{""nome"": ""Coordenador de Pós-Graduação"", ""descricao_do_papel"": ""Responsável por atualizar dados no Plataforma Sucupira e coordenar a atualização dos dados pessoais e identificadores dos pós-graduandos.""}, {""nome"": ""Ana Maria"", ""descricao_do_papel"": ""Professora da Universidade de Brasília (UnB) envolvida em projetos de inovação e educação a distância, interessada em tecnologias que podem melhorar o ensino remoto.""}, {""nome"": ""Estudante Universitário"", ""descricao_do_papel"": ""Busca informações sobre estágios, bolsas de estudo e oportunidades na UnB para melhorar sua experiência acadêmica e profissional.""}]","[{""contexto"": ""Título: UnB Notícias - Evento abre semestre da UAB e agenda do Laboratório de Pesquisa e Inovação Darcy Ribeiro"", ""fontes"": []}]",Lapidar é a sigla do Laboratório de Pesquisa e Inovação Darcy Ribeiro.,VERDADEIRO,"Veredito: INCONCLUSIVO
Justificativa: Ainda não tenho um modelo de linguagem para julgar se isso é verdadeiro ou falso — essa parte ainda está em desenvolvimento. Encontrei estas notícias oficiais relacionadas ao assunto; vale a pena conferir antes de espalhar a informação.
Confiança: 0.45728862
Fontes: UnB Notícias - Experimento histórico com feixes de luz inaugura novo laboratório na Física (noticias.unb.br) https://noticias.unb.br/pesquisas-estudos-e-projetos/8306-experimento-historico-com-feixes-de-luz-inaugura-novo-laboratorio-na-fisica; UnB Notícias - Casa da Cultura da América Latina obtém renovação do registro como museu (noticias.unb.br) https://noticias.unb.br/extensao/8326-casa-da-cultura-da-america-latina-obtem-renovacao-do-registro-como-museu; UnB Notícias - Evento abre semestre da UAB e agenda do Laboratório de Pesquisa e Inovação Darcy Ribeiro (noticias.unb.br) https://noticias.unb.br/ensino/8715-evento-abre-semestre-da-uab-e-agenda-do-laboratorio-de-pesquisa-e-inovacao-darcy-ribeiro",CONFIRMADO_OFICIALMENTE,INCONCLUSIVO,False,"[{""title"": ""UnB Notícias - Experimento histórico com feixes de luz inaugura novo laboratório na Física"", ""url"": ""https://noticias.unb.br/pesquisas-estudos-e-projetos/8306-experimento-historico-com-feixes-de-luz-inaugura-novo-laboratorio-na-fisica"", ""source"": ""noticias.unb.br""}, {""title"": ""UnB Notícias - Casa da Cultura da América Latina obtém renovação do registro como museu"", ""url"": ""https://noticias.unb.br/extensao/8326-casa-da-cultura-da-america-latina-obtem-renovacao-do-registro-como-museu"", ""source"": ""noticias.unb.br""}, {""title"": ""UnB Notícias - Evento abre semestre da UAB e agenda do Laboratório de Pesquisa e Inovação Darcy Ribeiro"", ""url"": ""https://noticias.unb.br/ensino/8715-evento-abre-semestre-da-uab-e-agenda-do-laboratorio-de-pesquisa-e-inovacao-darcy-ribeiro"", ""source"": ""noticias.unb.br""}]","[""[Documento: UnB Notícias - Experimento histórico com feixes de luz inaugura novo laboratório na Física]\n[Fonte: noticias.unb.br | Ref: 2026.1]\n\ninvestigações em áreas como comunicação quântica, computação quântica, metrologia de alta precisão e estudos fundamentais em física\"", explica o professor Roncaratti. Localizada na ala norte do Instituto Central de Ciências (ICC), no campus Darcy Ribeiro, a infraestrutura também amplia as possibilidades de formação prática para estudantes de graduação e pós-graduação. Com a implantação do laboratório, a Universidade de Brasília fortalece sua atuação em uma das áreas mais promissoras da ciência contemporânea e contribui para consolidar o Distrito Federal como um polo emergente no cenário nacional das tecnologias quânticas.."", ""[Documento: UnB Notícias - Casa da Cultura da América Latina obtém renovação do registro como museu]\n[Fonte: noticias.unb.br | Ref: 2026.1]\n\ncampus Darcy Ribeiro, Asa Norte. É gerenciado pela Fundação Darcy Ribeiro e ligada Diretoria de Difusão Cultural (DDC) do DEX. Além do acervo próprio, sedia eventos de extensão, contando com auditório e salas de aula. Projetada por Oscar Niemeyer, a Casa Niemeyer está localizada no Setor de Mansões Park Way. Declarada sítio de interesse histórico, abriga exposições e residências artísticas nacionais e internacionais, além de atividades culturais. A mais recente Casa Universitária de Cultura da UnB é o Espaço da Memória da UnB, o MemoUnB. Localizado no SG-10 (campus Darcy Ribeiro, Asa Norte), edifício projetado pelo arquiteto Oscar Niemeyer que serviu como sede do Centro de Planejamento (Ceplan) da UnB. Dedica-se à preservação da memória material e imaterial da UnB. MUSA – Pensando na integração desses espaços, a UnB trabalha na implementação da Rede de Museus e Acervos da UnB, a Rede Musa. \""A rede pretende articular os museus e espaços de acervo e memória da UnB\"", explica Gregório Soares. A iniciativa visa promover uma atuação integrada e cooperativa do patrimônio cultural e científico da Universidade. Dentre os feitos da Rede Musa, destacam-se a criação de instâncias de diálogo entre as equipes, o compartilhamento de diagnósticos e a construção de diretrizes comuns, com possibilidades de financiamento para infraestrutura, preservação e pesquisa. SERVIÇO – A CAL funciona de segunda a sexta, das 8h às 19h, e sábados, das 8h às 12h, exceto feriados. O Memorial Darcy Ribeiro funciona de segunda a sexta, das 8h às 19h, e sábados, das 8h às 12h. A Casa Niemeyer funciona de terça a domingo, das 9h às 19h, exceto feriados. A MemoUnB funciona segunda a sexta, das 8h às 19h, e sábados, das 8h às 12h.."", ""[Documento: UnB Notícias - Evento abre semestre da UAB e agenda do Laboratório de Pesquisa e Inovação Darcy Ribeiro]\n[Fonte: noticias.unb.br | Ref: 2026.2]\n\nA Universidade de Brasília (UnB) iniciou, na quarta-feira (19), o segundo semestre de 2026 dos cursos ofertados pelo Sistema Universidade Aberta do Brasil (UAB). A programação também abriu a agenda do Laboratório de Pesquisa e Inovação Darcy Ribeiro (Lapidar), no Centro de Educação a Distância e Tecnologias Educacionais (Cead/UnB). Com o tema Inovações Tecnológicas e a Educação, o encontro reuniu docentes, estudantes, gestores e equipes técnicas para discutir educação a distância, aprendizagem digital e os desafios relacionados ao uso de novas tecnologias no ensino. A programação contou com palestra do professor Carlos Portela sobre o uso de inteligência artificial generativa na graduação. O Lapidar é um espaço de colaboração interdisciplinar voltado à pesquisa, à produção de conhecimento e ao desenvolvimento de soluções educacionais. A estruturação do laboratório contou com a participação de especialistas do Cead e resultou na elaboração de um Projeto Pedagógico e de um Regimento. A equipe também desenvolveu o site institucional e o sistema de agendamento das atividades. Segundo a diretora do Cead e coordenadora-geral da UAB na UnB, Alice Melo Ribeiro, a estrutura do laboratório reúne uma dimensão física e outra relacionada à produção de conhecimento e à organização das atividades. Ela comentou que a preparação do evento envolveu \""trabalho coletivo, planejamento, diálogo, articulação, pesquisa, organização e colaboração de diferentes pessoas e áreas”. O Lapidar terá agenda própria. As solicitações de atividades serão feitas por formulário e analisadas por uma equipe especializada. O grupo está registrado como grupo de pesquisa no Conselho Nacional de Desenvolvimento Científico e Tecnológico (CNPq) e no Decanato de Pesquisa e Inovação (DPI) da UnB. TECNOLOGIA – A programação também colocou a inteligência artificial no centro da discussão sobre os caminhos da educação. O vice-reitor Márcio Muniz afirmou que a educação a distância exige novas metodologias e formas de interação entre professores e estudantes. “À distância não é simplesmente reproduzir na tela aquilo que a gente faz presencialmente. Exige o uso de novas metodologias, novas formas de interação entre o professor e o aluno e a aplicação de novos conhecimentos e tecnologias”, defendeu. Para o vice-reitor, a discussão sobre inovação tecnológica precisa considerar a finalidade de seu uso na educação. “Se for para ampliar o acesso, incluir as pessoas que historicamente ficaram à margem da universidade e formar melhor os nossos alunos, a tecnologia deixa de ser apenas uma novidade e passa a ser uma inovação de fato”, disse.""]",1.0,0.5,0.8333333332916666,0.34999222183895495
1,O que é Cead e qual seu papel na UnB?,"[""O Lapidar é um espaço de colaboração interdisciplinar voltado à pesquisa, à produção de conhecimento e ao desenvolvimento de soluções educacionais. A estruturação do laboratório contou com a participação de especialistas do Cead e resultou na elaboração de um Projeto Pedagógico e de um Regimento. A equipe também desenvolveu o site institucional e o sistema de agendamento das atividades.\nSegundo a diretora do Cead e coordenadora-geral da UAB na UnB, Alice Melo Ribeiro, a estrutura do laboratório reúne uma dimensão física e outra relacionada à produção de conhecimento e à organização das atividades. Ela comentou que a preparação do evento envolveu \""trabalho coletivo, planejamento, diálogo, articulação, pesquisa, organização e colaboração de diferentes pessoas e áreas”.\nO Lapidar terá agenda própria. As solicitações de atividades serão feitas por formulário e analisadas por uma equipe especializada. O grupo está registrado como grupo de pesquisa no Conselho Nacional de Desenvolvimento Científico e Tecnológico (CNPq) e no Decanato de Pesquisa e Inovação (DPI) da UnB.\nTECNOLOGIA – A programação também colocou a inteligência artificial no centro da discussão sobre os caminhos da educação. O vice-reitor Márcio Muniz afirmou que a educação a distância exige novas metodologias e formas de interação entre professores e estudantes. “À distância não é simplesmente reproduzir na tela aquilo que a gente faz presencialmente. Exige o uso de novas metodologias, novas formas de interação entre o professor e o aluno e a aplicação de novos conhecimentos e tecnologias”, defendeu.\nPara o vice-reitor, a discussão sobre inovação tecnológica precisa considerar a finalidade de seu uso na educação. “Se for para ampliar o acesso, incluir as pessoas que historicamente ficaram à margem da universidade e formar melhor os nossos alunos, a tecnologia deixa de ser apenas uma novidade e passa a ser uma inovação de fato”, disse.\nUAB – Atualmente, a UnB mantém 11 ofertas ativas de cursos pela UAB, reunindo quase 1,7 mil estudantes entre graduação e especialização. Este semestre a Universidade iniciou com 300 novas vagas em dois cursos a distância.""]","CEAD é um espaço de colaboração interdisciplinar voltado à pesquisa, à produção de conhecimento e ao desenvolvimento de soluções educacionais. Segundo a diretora do Cead e coordenadora-geral da UAB na UnB, Alice Melo Ribeiro, a estrutura do laboratório reúne uma dimensão física e outra relacionada à produção de conhecimento e à organização das atividades. O Cead participou no planejamento e desenvolvimento do Lapidar, um espaço interdisciplinar que terá agenda própria, com solicitações de atividades feitas por formulário e analisadas por uma equipe especializada.",Ana Maria,estilo de busca na web,longa,pergunta específica de etapa única,single_hop_specific_query_synthesizer,"[{""nome"": ""Coordenador de Pós-Graduação"", ""descricao_do_papel"": ""Responsável por atualizar dados no Plataforma Sucupira e coordenar a atualização dos dados pessoais e identificadores dos pós-graduandos.""}, {""nome"": ""Ana Maria"", ""descricao_do_papel"": ""Professora da Universidade de Brasília (UnB) envolvida em projetos de inovação e educação a distância, interessada em tecnologias que podem melhorar o ensino remoto.""}, {""nome"": ""Estudante Universitário"", ""descricao_do_papel"": ""Busca informações sobre estágios, bolsas de estudo e oportunidades na UnB para melhorar sua experiência acadêmica e profissional.""}]","[{""contexto"": ""O Lapidar é um espaço de colaboração interdisciplinar voltado à pesquisa, à produção de conhecimento e ao desenvolvimento de soluções educacionais. A estruturação do laboratório contou com a participação de especialistas do Cead e resultou na elaboração de um Projeto Pedagógico e de um Regimento. A equipe também desenvolveu o site institucional e o sistema de agendamento das atividades."", ""fontes"": [{""id_documento"": ""719eed463c5f61297c084c942ab67a984f259a1d8aef6814bfaa61c86d3e8565"", ""titulo"": ""UnB Notícias - Evento abre semestre da UAB e agenda do Laboratório de Pesquisa e Inovação Darcy Ribeiro"", ""url"": ""https://noticias.unb.br/ensino/8715-evento-abre-semestre-da-uab-e-agenda-do-laboratorio-de-pesquisa-e-inovacao-darcy-ribeiro"", ""origem"": ""noticias.unb.br"", ""data_publicacao"": ""2026-08-24T16:09:02-03:00""}]}]","O Cead desempenhou papel crucial na estruturação do laboratório Lapidar, participando da elaboração do Projeto Pedagógico e do Regimento, além do desenvolvimento do site institucional e sistema de agendamento das atividades.",VERDADEIRO,"Veredito: INCONCLUSIVO
Justificativa: Ainda não tenho um modelo de linguagem para julgar se isso é verdadeiro ou falso — essa parte ainda está em desenvolvimento. Encontrei estas notícias oficiais relacionadas ao assunto; vale a pena conferir antes de espalhar a informação.
Confiança: 0.51944435
Fontes: UnB Notícias - Estudantes desenvolvem plataforma para auxiliar planejamento da vida acadêmica (noticias.unb.br) https://noticias.unb.br/pesquisas-estudos-e-projetos/8676-estudantes-desenvolvem-plataforma-para-facilitar-planejamento-da-vida-academica; UnB Notícias - Iniciativas fortalecem desempenho da comunidade estudantil nas ciências exatas (noticias.unb.br) https://noticias.unb.br/ensino/8304-iniciativas-fortalecem-desempenho-da-comunidade-estudantil-nas-ciencias-exatas; UnB Notícias - Jornada Pedagógica das Licenciaturas reúne comunidade acadêmica para discutir formação docente (noticias.unb.br) https://noticias.unb.br/ensino/8631-jornada-pedagogica-das-licenciaturas-reune-comunidade-academica-para-discutir-formacao-docente",CONFIRMADO_OFICIALMENTE,INCONCLUSIVO,False,"[{""title"": ""UnB Notícias - Estudantes desenvolvem plataforma para auxiliar planejamento da vida acadêmica"", ""url"": ""https://noticias.unb.br/pesquisas-estudos-e-projetos/8676-estudantes-desenvolvem-plataforma-para-facilitar-planejamento-da-vida-academica"", ""source"": ""noticias.unb.br""}, {""title"": ""UnB Notícias - Iniciativas fortalecem desempenho da comunidade estudantil nas ciências exatas"", ""url"": ""https://noticias.unb.br/ensino/8304-iniciativas-fortalecem-desempenho-da-comunidade-estudantil-nas-ciencias-exatas"", ""source"": ""noticias.unb.br""}, {""title"": ""UnB Notícias - Jornada Pedagógica das Licenciaturas reúne comunidade acadêmica para discutir formação docente"", ""url"": ""https://noticias.unb.br/ensino/8631-jornada-pedagogica-das-licenciaturas-reune-comunidade-academica-para-discutir-formacao-docente"", ""source"": ""noticias.unb.br""}]","[""[Documento: UnB Notícias - Estudantes desenvolvem plataforma para auxiliar planejamento da vida acadêmica]\n[Fonte: noticias.unb.br | Ref: 2026.2]\n\natualizadas e alinhadas às estruturas curriculares vigentes”, destaca Carla Rocha. Segundo o estudante Gustavo Choueiri, “a atualização dessas estruturas curriculares é feita de forma periódica, rodando o script mensalmente”. O colega Felipe Pedroza acrescenta: “Esse banco [de dados] tem que ser o mais limpo e coeso com a realidade possível”. O NoFluxoUnB transforma tabelas burocráticas em uma interface totalmente interativa e visual. O aluno envia o PDF do histórico acadêmico para o sistema, onde é gerado um fluxograma personalizado do curso, organizado por cores: verde para matérias concluídas, laranja para as liberadas e preto para as bloqueadas. O estudante também saberá o que pode cursar, pois a plataforma mapeia os pré-requisitos, correquisitos e equivalências específicas para a grade dele. Para a professora Carla Rocha, a ferramenta, além de facilitar a visualização da trajetória acadêmica, ajuda a moldar o perfil profissional que o discente deseja construir de forma personalizada. “Essas orientações são tradicionalmente oferecidas pelos coordenadores de curso, que frequentemente enfrentam limitações de tempo. Assim, o NoFluxoUnB atua de forma complementar, ampliando o acesso às informações e permitindo que os discentes tomem decisões mais informadas sobre sua trajetória acadêmica”, salienta a docente. INTELIGÊNCIA ARTIFICIAL – Além de ser capaz de orientar o estudante na organização da trajetória acadêmica, a Darcy IA ainda pode dar sugestões para o progresso do discente no curso, com foco em agilidade e facilidade na criação da grade curricular. Em vez de pesquisar manualmente departamento por departamento, o estudante digita o tópico que quer estudar e a inteligência artificial busca temas correlatos em toda a Universidade. Isso ajuda o aluno a descobrir optativas de seu interesse de forma muito rápida. Atualmente, o desenvolvimento da IA segue em progresso para ser uma assistente completa do percurso curricular e atuar em outras funções, como o planejador de formatura, que monta as grades futuras até o aluno formar, rearranjando-as conforme a necessidade. PERSPECTIVAS – Segundo o grupo, o trabalho agora é de consolidar e ampliar o alcance da plataforma dentro e fora da UnB, uma vez que o Sigaa é utilizado em mais de 50 universidades. Assim, a institucionalização da plataforma é um dos principais objetivos da equipe, que busca apoio por meio de editais e agências de fomento para viabilizar a integração oficial.."", ""[Documento: UnB Notícias - Iniciativas fortalecem desempenho da comunidade estudantil nas ciências exatas]\n[Fonte: noticias.unb.br | Ref: 2026.1]\n\nA Universidade de Brasília reforça seu compromisso com a formação sólida em ciências exatas ao promover duas iniciativas complementares voltadas ao desempenho acadêmico dos estudantes no início do ano letivo. No mês de janeiro, a Universidade oferece aulas intensivas de pré-cálculo por meio do Programa Elos. Já em março, a agenda acadêmica inclui o Curso de Nivelamento em Estatística e Matemática 2026, com programa estruturado para ampliar conhecimentos e apoiar trajetórias acadêmicas mais seguras em disciplinas exigentes. O Programa Elos – Verão Pré Cálculo, que ocorre de 19 de janeiro a 13 de fevereiro de 2026, é voltado a estudantes que buscam reforçar a base conceitual necessária para disciplinas como Cálculo 1. Realizadas no Departamento de Matemática, campus Darcy Ribeiro, as aulas abordam conteúdos fundamentais, incluindo aritmética aplicada ao cálculo, funções e gráficos, trigonometria focada em cálculo, geometria analítica e revisão geral. A ação integra a política institucional de apoio à aprendizagem continuada, com objetivo de reduzir índices de reprovação e contribuir para a adaptação ao ritmo das disciplinas iniciais das áreas de exatas. Em uma abordagem semelhante, a UnB realizará, de 9 a 13 de março de 2026, o Curso de Nivelamento em Estatística e Matemática, coordenado pelo Instituto de Ciências Exatas (IE). Com programação gratuita, aberta a estudantes de todas as áreas da Universidade e a alunos do ensino médio da rede pública, o curso será ministrado no Auditório do Prédio CIC/EST, no campus Darcy Ribeiro. A atividade inclui módulos específicos em pré-cálculo, inteligência artificial e aprendizado de máquina, análise combinatória e introdução à estatística com linguagem R, promovendo uma base sólida para quem deseja enfrentar desafios em disciplinas avançadas no segundo semestre. Com foco em excelência acadêmica e inclusão, a Universidade de Brasília reafirma sua missão de promover oportunidades de aprendizagem que fortaleçam a formação intelectual dos estudantes, ampliem sua participação em atividades acadêmicas desafiadoras e contribuam para trajetórias de sucesso ao longo da formação superior. SERVIÇO: Aulas do Programa Elos – Verão Pré Cálculo Quando: 19/1 a 13/2/2026 Local: Departamento de Matemática – UnB Curso de Nivelamento em Estatística e Matemática 2026 Quando: 9 a 13/3/2026 Local: Auditório do Prédio CIC/EST – UnB"", ""[Documento: UnB Notícias - Jornada Pedagógica das Licenciaturas reúne comunidade acadêmica para discutir formação docente]\n[Fonte: noticias.unb.br | Ref: 2026.1]\n\nA Universidade de Brasília (UnB) reuniu docentes, estudantes, gestores acadêmicos e profissionais da educação básica na Jornada Pedagógica das Licenciaturas. Realizado nesta quinta-feira (2), no Instituto de Química (IQ), o encontro promoveu debates sobre a formação de professores, o fortalecimento das licenciaturas e os desafios contemporâneos da educação. A programação incluiu apresentação de projetos, palestra da professora Kátia Curado, rodas de conversa e momentos de troca de experiências entre os participantes. A reitora Rozana Naves destacou que a Jornada se consolida como um espaço permanente de reflexão sobre os cursos de licenciatura e sobre os currículos da Universidade. Para ela, debater a formação de professores significa repensar a própria educação superior. \""Partindo das licenciaturas, temos a oportunidade de discutir o currículo universitário de forma integrada e pensar os projetos formativos da Universidade de forma crítica e orgânica, retomando o projeto original da Universidade de Brasília, que articulava uma sólida formação técnica a uma formação humanística\"", disse. A reitora avaliou que esse debate ganha novos contornos diante das mudanças sociais e das transformações na forma como os jovens se relacionam com o conhecimento. \""Precisamos recuperar essa concepção, aliando a formação técnica à formação humanística e também a uma formação política, no sentido de pensar a universidade, o papel da educação – e, no nosso caso, da educação superior – na formação de professores para a educação básica. Ao mesmo tempo, precisamos compreender como a própria educação básica nos oferece elementos para repensar o nosso fazer pedagógico, em um momento em que a sociedade muda com muita velocidade\"", defendeu. DIÁLOGO – O diretor de Planejamento e Acompanhamento Pedagógico das Licenciaturas (Dapli), do Decanato de Ensino de Graduação (DEG), Paulo Roberto Lima Júnior, ressaltou que a Jornada foi concebida como espaço de encontro entre os diferentes segmentos envolvidos com a formação de professores. Ele contou que a proposta busca fortalecer o diálogo entre docentes, estudantes e gestores. \""A nossa expectativa é que tenhamos um tempo de qualidade. Vivemos uma época em que estamos cada vez mais conectados, mas nem sempre próximos das pessoas. A Jornada é uma oportunidade para nos encontrarmos, conversarmos e compartilharmos o trabalho que realizamos\"", explicou Paulo Roberto. Ele acrescentou que a programação combinou momentos de debate, apresentação de experiências e convivência entre os participantes.""]",0.0,1.0,0.5833333333041666,0.5885873663288719
2,Qual é a participação da Diretoria de Inovação para o Ensino de Graduação (Dieg) na Feira de Oportunidades?,"[""Título: UnB Notícias - Feira de Oportunidades apresenta iniciativas acadêmicas para estudantes\n\nNa próxima quarta (26) e quinta-feira (27), das 9h às 19h, a ala sul do Instituto Central de Ciências (ICC Sul), no campus Darcy Ribeiro, Asa Norte, recebe a 2ª Feira de Oportunidades e a 1ª Praça de Estágios Vem pra UnB. A atividade de boas-vindas ao segundo semestre letivo de 2026 reunirá 15 tendas e estandes com informações sobre diferentes possibilidades acadêmicas na Universidade.\nNos espaços da feira, os participantes poderão conhecer oportunidades de estágio, bolsas, iniciação científica, pesquisa e extensão, além de programas ligados à inovação, tecnologia, empreendedorismo, intercâmbio, idiomas, cultura, esporte e desenvolvimento profissional. Além dos estudantes da UnB, a feira receberá alunos de escolas e de cursinhos pré-vestibulares, que terão a oportunidade de conhecer a estrutura, os cursos e as oportunidades oferecidas pela Universidade.\nO evento é uma iniciativa do Programa Vem pra UnB e surgiu a partir de parceria entre a Diretoria de Acompanhamento e Integração Acadêmica (Daia/DEG) e a Diretoria de Inovação para o Ensino de Graduação (Dieg/DEG), ambas do Decanato de Ensino de Graduação (DEG/UnB).\nPara a diretora da Dieg, Juliana Dias, a feira busca ampliar o conhecimento dos estudantes sobre a Universidade: “A proposta da feira é [mostrar]: o que é a UnB para além do seu curso?”, afirma.\n“A vivência na UnB não se resume à sala de aula. Há oportunidades de iniciação à pesquisa, mobilidade, intercâmbio, assistência e realização de estágios”, acrescenta o diretor da Daia, Alexandre Romariz.\nA ação reúne parceiros internos e externos à Universidade. Entre os participantes estão unidades como a Biblioteca Central (BCE), a Editora UnB, o Parque Científico e Tecnológico da UnB (PCTec), o Centro de Apoio ao Desenvolvimento Tecnológico (CDT), o Centro de Educação a Distância e Tecnologias Educacionais (Cead), o UnB Idiomas e empresas juniores.\nTambém estarão presentes decanatos, secretarias e diretorias, como os decanatos de Extensão (DEX) e de Ensino de Graduação (DEG); as secretarias de Direitos Humanos (SDH), do Meio Ambiente (Sema) e de Assuntos Internacionais (INT); e a Diretoria de Esporte, Arte e Cultura (Deac/DAC).\n""]","A Dieg participa da feira como parceiro, juntamente com outros decanatos e secretarias, apresentando oportunidades relacionadas à inovação, tecnologia, empreendedorismo e outros programas ligados ao ensino de graduação.",Coordenador de Pós-Graduação,gramática informal,média,pergunta específica de etapa única,single_hop_specific_query_synthesizer,"[{""nome"": ""Coordenador de Pós-Graduação"", ""descricao_do_papel"": ""Responsável por atualizar dados no Plataforma Sucupira e coordenar a atualização dos dados pessoais e identificadores dos pós-graduandos.""}, {""nome"": ""Ana Maria"", ""descricao_do_papel"": ""Professora da Universidade de Brasília (UnB) envolvida em projetos de inovação e educação a distância, interessada em tecnologias que podem melhorar o ensino remoto.""}, {""nome"": ""Estudante Universitário"", ""descricao_do_papel"": ""Busca informações sobre estágios, bolsas de estudo e oportunidades na UnB para melhorar sua experiência acadêmica e profissional.""}]","[{""contexto"": ""Título: UnB Notícias - Feira de Oportunidades apresenta iniciativas acadêmicas para estudantes"", ""fontes"": [{""id_documento"": ""e1ae9f068f5cd81aba7fa21d966aeed3bd66782fc434cc01eafad7b1e09587d4"", ""titulo"": ""UnB Notícias - Feira de Oportunidades apresenta iniciativas acadêmicas para estudantes"", ""url"": ""https://noticias.unb.br/ensino/8709-feira-de-oportunidades-apresenta-iniciativas-academicas-para-estudantes"", ""origem"": ""noticias.unb.br"", ""data_publicacao"": ""2026-08-21T13:57:00-03:00""}]}]",A Diretoria de Inovação para o Ensino de Graduação (Dieg) participa da Feira de Oportunidades apresentando iniciativas acadêmicas relacionadas à inovação e tecnologia.,VERDADEIRO,"Veredito: INCONCLUSIVO
Justificativa: Ainda não tenho um modelo de linguagem para julgar se isso é verdadeiro ou falso — essa parte ainda está em desenvolvimento. Encontrei estas notícias oficiais relacionadas ao assunto; vale a pena conferir antes de espalhar a informação.
Confiança: 0.62945795
Fontes: UnB Notícias - Bacharelado em Inteligência Artificial dá início às atividades de sua primeira turma (noticias.unb.br) https://noticias.unb.br/ensino/8394-bacharelado-em-inteligencia-artificial-da-inicio-as-atividades-de-sua-primeira-turma; UnB Notícias - DEX recebe propostas de atividades para a 26ª Semana Universitária (noticias.unb.br) https://noticias.unb.br/extensao/8620-dex-recebe-propostas-de-atividades-para-a-26-semana-universitaria; UnB Notícias - Evento abre semestre da UAB e agenda do Laboratório de Pesquisa e Inovação Darcy Ribeiro (noticias.unb.br) https://noticias.unb.br/ensino/8715-evento-abre-semestre-da-uab-e-agenda-do-laboratorio-de-pesquisa-e-inovacao-darcy-ribeiro",CONFIRMADO_OFICIALMENTE,INCONCLUSIVO,False,"[{""title"": ""UnB Notícias - Bacharelado em Inteligência Artificial dá início às atividades de sua primeira turma"", ""url"": ""https://noticias.unb.br/ensino/8394-bacharelado-em-inteligencia-artificial-da-inicio-as-atividades-de-sua-primeira-turma"", ""source"": ""noticias.unb.br""}, {""title"": ""UnB Notícias - DEX recebe propostas de atividades para a 26ª Semana Universitária"", ""url"": ""https://noticias.unb.br/extensao/8620-dex-recebe-propostas-de-atividades-para-a-26-semana-universitaria"", ""source"": ""noticias.unb.br""}, {""title"": ""UnB Notícias - Evento abre semestre da UAB e agenda do Laboratório de Pesquisa e Inovação Darcy Ribeiro"", ""url"": ""https://noticias.unb.br/ensino/8715-evento-abre-semestre-da-uab-e-agenda-do-laboratorio-de-pesquisa-e-inovacao-darcy-ribeiro"", ""source"": ""noticias.unb.br""}]","[""[Documento: UnB Notícias - Bacharelado em Inteligência Artificial dá início às atividades de sua primeira turma]\n[Fonte: noticias.unb.br | Ref: 2026.1]\n\ncurso tem participação conjunta do Instituto de Ciências Exatas (IE), da Faculdade de Tecnologia (FT) e da Faculdade de Ciências e Tecnologias em Engenharia (FCTE). Com isso, os estudantes poderão utilizar instalações e laboratórios de computação de alto desempenho distribuídos tanto no campus Darcy Ribeiro quanto no campus do Gama. A graduação é estruturada em um ciclo básico comum, com disciplinas concentradas nos cinco primeiros semestres, seguido por um ciclo com ênfase de especialização, nos três últimos períodos. Ao final do quinto semestre o graduando deve optar por uma de quatro possíveis ênfases de especialização: Desenvolvimento de Modelos para Indústria/Governo, IA Aplicada ao Design de Materiais, Engenharia de Sistemas Inteligentes ou Engenharia de IA. Docente do Departamento de Ciência da Computação (CIC), Luís Garcia ministra a disciplina Algoritmos e Programação de Computadores, ofertada para estudantes de cursos das engenharias, computação e agora também de IA. “É uma disciplina base para aprender o pensamento computacional, conceitos básicos de algoritmo, e a primeira linguagem de programação. A gente espera que eles aprendam bem porque será um conhecimento muito importante para todo resto do curso”, afirma o professor, que dá aulas na graduação da UnB desde 2019 e agora está animado em ser parte da equipe que formará profissionais na área de Inteligência Artificial. A carga horária total do curso é de 3.210 horas, correspondente a 214 créditos (um crédito equivale a 15 horas-aula). Deste total, 2.130 horas (66,35%) são de componentes obrigatórios, divididos em disciplinas do ciclo básico (1.260h), disciplinas da Ênfase escolhida (390h), Extensão Curricular (330h) e Trabalho de Conclusão de Curso (150h). Além disso, o currículo garante flexibilidade ao destinar as demais 1.080 horas (33,65%) a componentes optativos e eletivos. Confira o fluxo de disciplinas do curso. “A perspectiva central é a formação de agentes de inovação com capacidade crítica e ética para desenvolver soluções complexas com impacto na indústria, agronegócio, saúde e setor público”, acrescenta o coordenador do curso. HISTÓRICO – O Bacharelado em Inteligência Artificial surge como resposta da Universidade de Brasília à demanda do mercado por profissionais na área e está alinhado ao Plano Brasileiro de Inteligência Artificial (PBIA) 2024-2028. O curso foi aprovado pelo Conselho de Ensino, Pesquisa e Extensão (Cepe) em novembro de 2025."", ""[Documento: UnB Notícias - DEX recebe propostas de atividades para a 26ª Semana Universitária]\n[Fonte: noticias.unb.br | Ref: 2026.1]\n\ndisponibilizou tutorial e modelo de submissão com o passo a passo. Acesse aqui. DESTAQUES – Momento de encontro, diálogo e integração entre a comunidade acadêmica e a sociedade, a Semana Universitária promove a circulação da produção acadêmica, científica, cultural e de inovação da UnB nas mais diversas áreas do saber. É também uma oportunidade para que estudantes de escolas do Distrito Federal e do Entorno possam se ambientar à Universidade e conhecer estrutura, formas de ingresso e cursos da instituição. Leonardo Petrus salienta o enfoque da chamada de 2026 na integração entre extensão, ensino e pesquisa. \""O edital passa a incluir explicitamente o objetivo de fomentar ações em rede, envolvendo diferentes departamentos e cursos de uma mesma unidade acadêmica, em diálogo com a inserção curricular da extensão e com os novos critérios de avaliação da pós-graduação\"", observa o diretor da DTE/DEX. Este ano, o edital oferta 146 bolsas de extensão para estudantes se envolverem nas atividades de planejamento, organização e realização do evento. Em relação ao modelo de distribuição de recursos e bolsas, a alocação se dará em proporção ao percentual de ações de extensão concluídas por cada unidade acadêmica em 2025. O quantitativo está disponível no anexo V do edital. Além do apoio financeiro, as unidades contarão com transporte disponibilizado para a visitação de estudantes da educação básica aos campi da UnB. A programação da comunidade irá se somar às atividades permanentes realizadas a cada ano, entre elas: a Mostra de Cursos, com estandes para apresentação das graduações da Universidade e para interação entre comunidade acadêmica e escolas; o Encontro de Estudantes Extensionistas, dedicado à apresentação de projetos de extensão em vigência na instituição; e a Corrida e Caminhada UnB/HUB, com trajeto pelo campus Darcy Ribeiro. *Data de submissão prevista inicialmente no edital de lançamento (18/7) foi prorrogada, conforme comunicado do DEX de retificação da chamada. EXTENSÃO ATENÇÃO – As informações, as fotos e os textos podem ser usados e reproduzidos, integral ou parcialmente, desde que a fonte seja devidamente citada e que não haja alteração de sentido em seus conteúdos. Crédito para textos: nome do repórter/Secom UnB ou Secom UnB. Crédito para fotos: nome do fotógrafo/Secom UnB. DEX recebe propostas de atividades para a 26ª Semana Universitária Edital para submissão de ações tem inscrições até 18 de agosto, pelo Sigaa. Semuni ocorre em setembro, nos quatro campi - Da Secretaria de Comunicação da UnB."", ""[Documento: UnB Notícias - Evento abre semestre da UAB e agenda do Laboratório de Pesquisa e Inovação Darcy Ribeiro]\n[Fonte: noticias.unb.br | Ref: 2026.2]\n\ninovação tecnológica precisa considerar a finalidade de seu uso na educação. “Se for para ampliar o acesso, incluir as pessoas que historicamente ficaram à margem da universidade e formar melhor os nossos alunos, a tecnologia deixa de ser apenas uma novidade e passa a ser uma inovação de fato”, disse. UAB – Atualmente, a UnB mantém 11 ofertas ativas de cursos pela UAB, reunindo quase 1,7 mil estudantes entre graduação e especialização. Este semestre a Universidade iniciou com 300 novas vagas em dois cursos a distância..""]",0.0,0.5,0.0,0.37568913415946664
3,Qual é a finalidade das bolsas de iniciação científica (Pibic) na UnB?,"[""PROGRAMAÇÃO DIVERSIFICADA – Entre as informações divulgadas, o público poderá saber mais sobre bolsas de extensão, que somam mais de 5 mil anualmente na Universidade, e as do Programa Institucional de Bolsas de Iniciação Científica (Pibic), voltadas à pesquisa na graduação.\nAs oportunidades de estágio serão concentradas na chamada Praça dos Estágios, em frente à entrada do ICC Sul. Com pelo menos o dobro de agências em relação à última edição, o espaço reunirá integradoras de estágio e empresas que oferecem estágios obrigatórios e não obrigatórios para estudantes.\n Para incentivar a interação com o público, a feira terá uma dinâmica gamificada. Os visitantes receberão um crachá para carimbos que poderão ser preenchidos nos estandes durante a circulação pelo evento. Ao completar 16 carimbos, o participante poderá trocar o crachá por um brinde da Editora UnB.\n A feira também busca aproximar os estudantes dos técnicos administrativos que atuam em diferentes setores da Universidade. “É o momento que eles saem dos bastidores, saem de seus decanatos, das suas secretarias, e vão para interação com a juventude da UnB”, destaca a diretora Juliana Dias. Além dos técnicos, docentes estarão presentes para esclarecer dúvidas dos visitantes.\nA programação também conta com atividades culturais e esportivas e inclui apresentações de chorinho, de cheerleading e do grupo de música 60mais; aulas de calistenia; mesa para prática de pingue-pongue; além de vendas de artesanatos indígenas.""]","As bolsas de iniciação científica (Pibic), voltadas à pesquisa na graduação, são uma das informações divulgadas no evento.",Estudante Universitário,gramática informal,longa,pergunta específica de etapa única,single_hop_specific_query_synthesizer,"[{""nome"": ""Coordenador de Pós-Graduação"", ""descricao_do_papel"": ""Responsável por atualizar dados no Plataforma Sucupira e coordenar a atualização dos dados pessoais e identificadores dos pós-graduandos.""}, {""nome"": ""Ana Maria"", ""descricao_do_papel"": ""Professora da Universidade de Brasília (UnB) envolvida em projetos de inovação e educação a distância, interessada em tecnologias que podem melhorar o ensino remoto.""}, {""nome"": ""Estudante Universitário"", ""descricao_do_papel"": ""Busca informações sobre estágios, bolsas de estudo e oportunidades na UnB para melhorar sua experiência acadêmica e profissional.""}]","[{""contexto"": ""PROGRAMAÇÃO DIVERSIFICADA – Entre as informações divulgadas, o público poderá saber mais sobre bolsas de extensão, que somam mais de 5 mil anualmente na Universidade, e as do Programa Institucional de Bolsas de Iniciação Científica (Pibic), voltadas à pesquisa na graduação."", ""fontes"": []}]",A finalidade das bolsas de iniciação científica (Pibic) na UnB é promover oportunidades de pesquisa para estudantes da graduação.,VERDADEIRO,"Veredito: INCONCLUSIVO
Justificativa: Ainda não tenho um modelo de linguagem para julgar se isso é verdadeiro ou falso — essa parte ainda está em desenvolvimento. Encontrei estas notícias oficiais relacionadas ao assunto; vale a pena conferir antes de espalhar a informação.
Confiança: 0.6413683
Fontes: UnB Notícias - Feira de Oportunidades apresenta iniciativas acadêmicas para estudantes (noticias.unb.br) https://noticias.unb.br/ensino/8709-feira-de-oportunidades-apresenta-iniciativas-academicas-para-estudantes; UnB Notícias - DEX recebe propostas de atividades para a 26ª Semana Universitária (noticias.unb.br) https://noticias.unb.br/extensao/8620-dex-recebe-propostas-de-atividades-para-a-26-semana-universitaria; UnB Notícias - Iniciativas fortalecem desempenho da comunidade estudantil nas ciências exatas (noticias.unb.br) https://noticias.unb.br/ensino/8304-iniciativas-fortalecem-desempenho-da-comunidade-estudantil-nas-ciencias-exatas",CONFIRMADO_OFICIALMENTE,INCONCLUSIVO,False,"[{""title"": ""UnB Notícias - Feira de Oportunidades apresenta iniciativas acadêmicas para estudantes"", ""url"": ""https://noticias.unb.br/ensino/8709-feira-de-oportunidades-apresenta-iniciativas-academicas-para-estudantes"", ""source"": ""noticias.unb.br""}, {""title"": ""UnB Notícias - DEX recebe propostas de atividades para a 26ª Semana Universitária"", ""url"": ""https://noticias.unb.br/extensao/8620-dex-recebe-propostas-de-atividades-para-a-26-semana-universitaria"", ""source"": ""noticias.unb.br""}, {""title"": ""UnB Notícias - Iniciativas fortalecem desempenho da comunidade estudantil nas ciências exatas"", ""url"": ""https://noticias.unb.br/ensino/8304-iniciativas-fortalecem-desempenho-da-comunidade-estudantil-nas-ciencias-exatas"", ""source"": ""noticias.unb.br""}]","[""[Documento: UnB Notícias - Feira de Oportunidades apresenta iniciativas acadêmicas para estudantes]\n[Fonte: noticias.unb.br | Ref: 2026.2]\n\npoderá saber mais sobre bolsas de extensão, que somam mais de 5 mil anualmente na Universidade, e as do Programa Institucional de Bolsas de Iniciação Científica (Pibic), voltadas à pesquisa na graduação. As oportunidades de estágio serão concentradas na chamada Praça dos Estágios, em frente à entrada do ICC Sul. Com pelo menos o dobro de agências em relação à última edição, o espaço reunirá integradoras de estágio e empresas que oferecem estágios obrigatórios e não obrigatórios para estudantes. Para incentivar a interação com o público, a feira terá uma dinâmica gamificada. Os visitantes receberão um crachá para carimbos que poderão ser preenchidos nos estandes durante a circulação pelo evento. Ao completar 16 carimbos, o participante poderá trocar o crachá por um brinde da Editora UnB. A feira também busca aproximar os estudantes dos técnicos administrativos que atuam em diferentes setores da Universidade. “É o momento que eles saem dos bastidores, saem de seus decanatos, das suas secretarias, e vão para interação com a juventude da UnB”, destaca a diretora Juliana Dias. Além dos técnicos, docentes estarão presentes para esclarecer dúvidas dos visitantes. A programação também conta com atividades culturais e esportivas e inclui apresentações de chorinho, de cheerleading e do grupo de música 60mais; aulas de calistenia; mesa para prática de pingue-pongue; além de vendas de artesanatos indígenas.."", ""[Documento: UnB Notícias - DEX recebe propostas de atividades para a 26ª Semana Universitária]\n[Fonte: noticias.unb.br | Ref: 2026.1]\n\ndisponibilizou tutorial e modelo de submissão com o passo a passo. Acesse aqui. DESTAQUES – Momento de encontro, diálogo e integração entre a comunidade acadêmica e a sociedade, a Semana Universitária promove a circulação da produção acadêmica, científica, cultural e de inovação da UnB nas mais diversas áreas do saber. É também uma oportunidade para que estudantes de escolas do Distrito Federal e do Entorno possam se ambientar à Universidade e conhecer estrutura, formas de ingresso e cursos da instituição. Leonardo Petrus salienta o enfoque da chamada de 2026 na integração entre extensão, ensino e pesquisa. \""O edital passa a incluir explicitamente o objetivo de fomentar ações em rede, envolvendo diferentes departamentos e cursos de uma mesma unidade acadêmica, em diálogo com a inserção curricular da extensão e com os novos critérios de avaliação da pós-graduação\"", observa o diretor da DTE/DEX. Este ano, o edital oferta 146 bolsas de extensão para estudantes se envolverem nas atividades de planejamento, organização e realização do evento. Em relação ao modelo de distribuição de recursos e bolsas, a alocação se dará em proporção ao percentual de ações de extensão concluídas por cada unidade acadêmica em 2025. O quantitativo está disponível no anexo V do edital. Além do apoio financeiro, as unidades contarão com transporte disponibilizado para a visitação de estudantes da educação básica aos campi da UnB. A programação da comunidade irá se somar às atividades permanentes realizadas a cada ano, entre elas: a Mostra de Cursos, com estandes para apresentação das graduações da Universidade e para interação entre comunidade acadêmica e escolas; o Encontro de Estudantes Extensionistas, dedicado à apresentação de projetos de extensão em vigência na instituição; e a Corrida e Caminhada UnB/HUB, com trajeto pelo campus Darcy Ribeiro. *Data de submissão prevista inicialmente no edital de lançamento (18/7) foi prorrogada, conforme comunicado do DEX de retificação da chamada. EXTENSÃO ATENÇÃO – As informações, as fotos e os textos podem ser usados e reproduzidos, integral ou parcialmente, desde que a fonte seja devidamente citada e que não haja alteração de sentido em seus conteúdos. Crédito para textos: nome do repórter/Secom UnB ou Secom UnB. Crédito para fotos: nome do fotógrafo/Secom UnB. DEX recebe propostas de atividades para a 26ª Semana Universitária Edital para submissão de ações tem inscrições até 18 de agosto, pelo Sigaa. Semuni ocorre em setembro, nos quatro campi - Da Secretaria de Comunicação da UnB."", ""[Documento: UnB Notícias - Iniciativas fortalecem desempenho da comunidade estudantil nas ciências exatas]\n[Fonte: noticias.unb.br | Ref: 2026.1]\n\nA Universidade de Brasília reforça seu compromisso com a formação sólida em ciências exatas ao promover duas iniciativas complementares voltadas ao desempenho acadêmico dos estudantes no início do ano letivo. No mês de janeiro, a Universidade oferece aulas intensivas de pré-cálculo por meio do Programa Elos. Já em março, a agenda acadêmica inclui o Curso de Nivelamento em Estatística e Matemática 2026, com programa estruturado para ampliar conhecimentos e apoiar trajetórias acadêmicas mais seguras em disciplinas exigentes. O Programa Elos – Verão Pré Cálculo, que ocorre de 19 de janeiro a 13 de fevereiro de 2026, é voltado a estudantes que buscam reforçar a base conceitual necessária para disciplinas como Cálculo 1. Realizadas no Departamento de Matemática, campus Darcy Ribeiro, as aulas abordam conteúdos fundamentais, incluindo aritmética aplicada ao cálculo, funções e gráficos, trigonometria focada em cálculo, geometria analítica e revisão geral. A ação integra a política institucional de apoio à aprendizagem continuada, com objetivo de reduzir índices de reprovação e contribuir para a adaptação ao ritmo das disciplinas iniciais das áreas de exatas. Em uma abordagem semelhante, a UnB realizará, de 9 a 13 de março de 2026, o Curso de Nivelamento em Estatística e Matemática, coordenado pelo Instituto de Ciências Exatas (IE). Com programação gratuita, aberta a estudantes de todas as áreas da Universidade e a alunos do ensino médio da rede pública, o curso será ministrado no Auditório do Prédio CIC/EST, no campus Darcy Ribeiro. A atividade inclui módulos específicos em pré-cálculo, inteligência artificial e aprendizado de máquina, análise combinatória e introdução à estatística com linguagem R, promovendo uma base sólida para quem deseja enfrentar desafios em disciplinas avançadas no segundo semestre. Com foco em excelência acadêmica e inclusão, a Universidade de Brasília reafirma sua missão de promover oportunidades de aprendizagem que fortaleçam a formação intelectual dos estudantes, ampliem sua participação em atividades acadêmicas desafiadoras e contribuam para trajetórias de sucesso ao longo da formação superior. SERVIÇO: Aulas do Programa Elos – Verão Pré Cálculo Quando: 19/1 a 13/2/2026 Local: Departamento de Matemática – UnB Curso de Nivelamento em Estatística e Matemática 2026 Quando: 9 a 13/3/2026 Local: Auditório do Prédio CIC/EST – UnB""]",0.0,0.5,0.9999999999,0.5464179334171618
4,Qual cidade de Goiás é mencionada no texto e qual foi a situação dos estudantes que vieram dela para estudar na UnB?,"[""Título: UnB Notícias - Início do semestre letivo movimenta a UnB\n\nAs aulas do 2º/2026 na Universidade de Brasília (UnB) começaram oficialmente na última segunda-feira (10). A data marcou o retorno às salas de aula e a chegada de milhares de estudantes, veteranos e calouros.\nNos corredores do campus Darcy Ribeiro, o movimento ao longo da semana foi intenso. Discente do oitavo semestre de Audiovisual, Marcelo Martins, 22 anos, é um dos que retomaram as atividades na instituição e espera conseguir conciliar estudos, trabalho e momentos de lazer com os amigos. “Estamos na primeira semana de aula e ainda não temos ideia de como vai ser. Espero que seja um bom semestre, tranquilo e proveitoso”, diz. “É um pouco difícil trabalhar e estudar ao mesmo tempo, mas estou animado, vai dar certo.”\nJá o calouro de Engenharia Elétrica Pedro Petry, 18 anos, busca inspiração na natureza para o aprendizado. Em seu início da vida acadêmica, ele compartilha: \""Busco dar o meu melhor, estudei realmente para passar em Engenharia Elétrica e estou animado”.\nSão expectativas que se somam às do colega de curso Gustavo Henrique Rodrigues, 18 anos. Ainda se adaptando à rotina universitária, ele veio de Anápolis, Goiás, para iniciar a formação acadêmica em Brasília e revela achar que vai gostar da vida acadêmica.\nPROGRAMAÇÃO NOS CAMPI – Para ambientar a comunidade na volta às aulas, diversas ações de recepção estão programadas para ocorrer ao longo do mês nos diferentes campi. Entre elas, atividades de acolhimento, a segunda edição da Feira de Oportunidades e o primeiro bloco de palestras do Seminário Espírito do Tempo.\nNo Instituto de Artes (IdA), a aula inaugural do semestre para os alunos da unidade, na quarta-feira (12), contou com exibição do filme Utopia Distopia (2020), de Jorge Bodanzky. Com a presença do diretor e de Marcia Neves Bodanzky, ambos da primeira leva de alunos da UnB nos anos 1960, a atividade foi seguida de um debate sobre cinema brasileiro e memória. Jorge Bodanzky também recebeu, no mesmo dia, título de Doutor Honoris Causa da Universidade de Brasília.\n""]","A cidade de Anápolis, Goiás, é mencionada no texto. Gustavo Henrique Rodrigues, 18 anos, veio de Anápolis para iniciar sua formação acadêmica em Brasília e revelou esperar gostar da vida acadêmica.",Ana Maria,gramática informal,longa,pergunta específica de etapa única,single_hop_specific_query_synthesizer,"[{""nome"": ""Coordenador de Pós-Graduação"", ""descricao_do_papel"": ""Responsável por atualizar dados no Plataforma Sucupira e coordenar a atualização dos dados pessoais e identificadores dos pós-graduandos.""}, {""nome"": ""Ana Maria"", ""descricao_do_papel"": ""Professora da Universidade de Brasília (UnB) envolvida em projetos de inovação e educação a distância, interessada em tecnologias que podem melhorar o ensino remoto.""}, {""nome"": ""Estudante Universitário"", ""descricao_do_papel"": ""Busca informações sobre estágios, bolsas de estudo e oportunidades na UnB para melhorar sua experiência acadêmica e profissional.""}]","[{""contexto"": ""Título: UnB Notícias - Início do semestre letivo movimenta a UnB"", ""fontes"": [{""id_documento"": ""dda848d10564d478f6f259bca82bd1295f39bc49b70b2b4fb382d014fecf436d"", ""titulo"": ""UnB Notícias - Início do semestre letivo movimenta a UnB"", ""url"": ""https://noticias.unb.br/ensino/8704-inicio-do-semestre-letivo-movimenta-a-unb"", ""origem"": ""noticias.unb.br"", ""data_publicacao"": ""2026-08-14T17:38:33-03:00""}]}]","Anápolis, Goiás, é mencionada no texto e um dos estudantes que veio dela para estudar na UnB é Gustavo Henrique Rodrigues.",VERDADEIRO,"Veredito: INCONCLUSIVO
Justificativa: Ainda não tenho um modelo de linguagem para julgar se isso é verdadeiro ou falso — essa parte ainda está em desenvolvimento. Encontrei estas notícias oficiais relacionadas ao assunto; vale a pena conferir antes de espalhar a informação.
Confiança: 0.47963572
Fontes: UnB Notícias - UnB marca presença nos Jogos Universitários Brasileiros (noticias.unb.br) https://noticias.unb.br/institucional/8716-unb-marca-presenca-nos-jogos-universitarios-brasileiros; UnB Notícias - Começa o 1º semestre letivo de 2026 na UnB (noticias.unb.br) https://noticias.unb.br/ensino/8396-comeca-o-1-semestre-letivo-de-2026-na-unb; UnB Notícias - Calouros comemoram aprovação no PAS (noticias.unb.br) https://noticias.unb.br/ensino/8337-calouros-comemoram-aprovacao-no-pas-2023-2025",CONFIRMADO_OFICIALMENTE,INCONCLUSIVO,False,"[{""title"": ""UnB Notícias - UnB marca presença nos Jogos Universitários Brasileiros"", ""url"": ""https://noticias.unb.br/institucional/8716-unb-marca-presenca-nos-jogos-universitarios-brasileiros"", ""source"": ""noticias.unb.br""}, {""title"": ""UnB Notícias - Começa o 1º semestre letivo de 2026 na UnB"", ""url"": ""https://noticias.unb.br/ensino/8396-comeca-o-1-semestre-letivo-de-2026-na-unb"", ""source"": ""noticias.unb.br""}, {""title"": ""UnB Notícias - Calouros comemoram aprovação no PAS"", ""url"": ""https://noticias.unb.br/ensino/8337-calouros-comemoram-aprovacao-no-pas-2023-2025"", ""source"": ""noticias.unb.br""}]","[""[Documento: UnB Notícias - UnB marca presença nos Jogos Universitários Brasileiros]\n[Fonte: noticias.unb.br | Ref: 2026.2]\n\nA delegação de estudantes-atletas da Universidade de Brasília (UnB) disputa os Jogos Universitários Brasileiros (JUBs) de 2026, que tiveram início em 23 de agosto e seguem até 5 de setembro. A maior competição universitária da América Latina, conhecida como “olimpíada universitária”, acontece nas cidades de Goiânia e Trindade, em Goiás. De acordo com a Confederação Brasileira do Desporto Universitário (CBDU), promotora da competição, a edição goiana deve reunir mais de 7 mil participantes de todo o país, em 30 praças esportivas das duas cidades. O Boulevard dos Atletas, instalado no Centro de Convenções de Goiânia (CCGO), será o principal ponto de encontro das delegações durante as duas semanas de disputas. O diretor de Esportes e Atividades Comunitárias (CEL/Deac/DAC) da UnB, Pedro Ivo Barbosa, lembra que a Instituição tem um histórico no campeonato: “já é uma tradição da UnB participar dos JUBs”. Em relação às participações mais recentes, na campanha de 2025, realizada em Natal (RN), a UnB contou com 65 estudantes-atletas e conquistou 14 medalhas em sete das 22 modalidades. O saldo superou em uma medalha o da edição de 2024, em Brasília (DF), e foi o dobro do alcançado nos jogos de 2023, em Joinville (SC). COMPETIÇÃO – Este ano, a equipe da UnB contará com 115 integrantes, entre oficiais, técnicos e 108 estudantes-atletas, e disputará em 22 modalidades esportivas. Em algumas, a instituição mantém participação contínua há cerca de uma década, como o handebol, enquanto vem ganhando espaço em outras, como os esportes eletrônicos. Este ano, há ainda uma nova modalidade, o kart, que contará com os competidores Samuel Gontijo e Bruna Lameira. Eles garantiram as vagas do Distrito Federal. \""A oportunidade de participar dos jogos em uma modalidade inaugural me anima bastante\"", comenta Samuel, mestrando em Direito na UnB. \""Torço para que o nível da competição seja alto e para que possamos apresentar ao público o nosso esporte\"", afirma o atleta. Outro esporte com participação da UnB é o cheerleading, que em 2025 levou a instituição ao topo do pódio por três vezes. O desempenho tornou possível a participação da equipe este ano no Mundial Universitário, na Suécia. “Os JUBs sempre proporciona uma experiência muito leve e diferenciada, com interação entre atletas de várias modalidades e estados”, conta Ana Beatriz, estudante de Educação Física, que integra o time pela terceira vez. Luzia Fernandes, que também cursa Educação Física, é atleta de jiu-jitsu desde 2022."", ""[Documento: UnB Notícias - Começa o 1º semestre letivo de 2026 na UnB]\n[Fonte: noticias.unb.br | Ref: 2026.1]\n\nA Universidade de Brasília deu início, nesta segunda-feira (16), às aulas do 1º semestre letivo de 2026. O período segue até 18 de julho, conforme o calendário acadêmico. Com a retomada, mais de 50 mil pessoas voltam a circular nos quatro campi da UnB. Caso dos estudantes Aydê Guedes, Paulo Jorge, Vinícius Castro e Lucas Rocha. >> Em carta, Reitoria saúda a comunidade no início do semestre “A gente precisa se atualizar. Eu queria sair da minha zona de conforto, pretendo fazer traduções”, diz a contadora Aydê, aprovada para o curso de Letras Tradução noturno no Vestibular 60 mais. \""Adoro conversar e me dou bem com qualquer idade\"", garante, animada com as perspectivas do primeiro semestre com a família na UnB: o filho está no mestrado em Mecatrônica e a filha cursa Direito. O estudante de Engenharia da Computação Paulo Jorge, 19 anos, está iniciando o 3º semestre. “Acho que será um semestre mais complicado, com matérias mais difíceis, mas espero seja tranquilo se eu conseguir me organizar bem”, avalia. Também animados com o início das aulas estavam os estudantes de Direito Vinícius Castro e Lucas Rocha. \""Não é o meu primeiro semestre na UnB, tinha feito Química antes, e decidi mudar de curso. No Direito é o meu primeiro dia. Apesar de não ser totalmente novidade, ainda é bacana conhecer o pessoal novo. Já conheci um pouco os veteranos, tem alguns conhecidos que também estudaram comigo e é bem legal rever a UnB. Fazia um ano que não passava por aqui, que não via os lugares, porque tranquei o curso no comecinho de 2025 para estudar para o vestibular\"", detalha Vinícius, 20 anos. Veterano, Lucas, 20 anos, está no 5º semestre de Direito. \""Cheguei num ponto do curso que agora é correria, então tenho que tentar adiantar as matérias para conseguir formar nos dez semestres\"", conta. \""A gente passa de uma base mais teórica e chega numa parte mais prática. Gostei de tudo até agora, graças a Deus, me encontrei.\"" A diversidade de perfis entre as pessoas que chegam aos campi no início do semestre e a boa convivência entre todos demonstra como a Universidade é espaço para o aprendizado, a prática e a vivência da democracia, todos os dias. Esse inclusive é o mote da campanha institucional de 2026 da UnB, lançada nesta segunda (16)."", ""[Documento: UnB Notícias - Calouros comemoram aprovação no PAS]\n[Fonte: noticias.unb.br | Ref: 2026.1]\n\ndo Sul”, contou Gabriela. “Sempre fui ligado a essa parte burocrática, eu adoro matemática, e também, claro, quero fazer amigos, viver muita coisa nova”, disse Rafael, animado. Maria Fernanda Bandeira, 17 anos, passou para Letras Português. “Estou muito feliz porque sempre foi o meu sonho entrar aqui. Quero dar aula. Acho que a gente escolhe licenciatura quando tem professores muito bons durante a nossa vida no colégio. Espero me tornar uma ótima profissional e que o curso abra portas”, disse. >> Mais fotos da festa dos aprovados aqui AGENDA DO CALOURO – Para realizar o registro acadêmico, os candidatos convocados devem ficar atentos aos prazos, previstos na Agenda do Calouro. O período de upload da documentação começou nesta terça-feira (10) e termina na quarta (11). O resultado provisório está previsto para 20 de fevereiro e o definitivo para 3 de março. O início das aulas está marcado para 16 de março de 2026. Outras informações sobre o ingresso na UnB podem ser obtidas pelos sites boasvindas.unb.br e vempraunb.unb.br..""]",0.2,0.5,0.49999999995,0.4686648929305791
